feature,label,unit,sites_q25,sites_median,sites_q75,pseudo_q25,pseudo_median,pseudo_q75,uniform_q25,uniform_median,uniform_q75,auc_vs_pseudo,auc_vs_uniform
dist_dstream,Відстань до водотоку (з DEM),м,0.0,0.0,0.0,0.0,0.0,0.0,0.0,0.0,0.0,0.458,0.427
dist_water,Відстань до водотоку (OSM),м,0.0,0.0,63.541,0.0,0.0,241.868,0.0,108.167,679.154,0.434,0.337
hand_dstream,Висота над водотоком,м,2.703,10.224,18.332,3.867,10.545,21.252,3.835,11.244,20.995,0.466,0.462
rel_valley,Висота над дном долини (500 м),м,8.94,16.275,25.501,9.153,17.069,27.201,9.112,17.108,26.284,0.467,0.474
tpi300,Положення в рельєфі TPI 300 м (макс.),м,7.137,9.398,13.157,7.109,10.268,14.636,6.25,9.271,13.623,0.461,0.523
slope,Схил (середній),°,2.448,3.255,4.126,2.411,3.38,4.553,1.921,3.0,4.259,0.475,0.551
south_share,Частка південних схилів,частка,0.149,0.25,0.396,0.13,0.243,0.368,0.134,0.259,0.4,0.531,0.502
flow_acc_km2,Водозбір найближчого водотоку,км²,1.213,10.097,81.576,0.809,3.827,29.899,0.533,1.664,7.838,0.584,0.678
elevation,Висота над рівнем моря,м,220.588,249.616,273.891,222.93,260.638,287.124,228.192,260.996,285.571,0.43,0.418
dist_builtup,Відстань до сучасної забудови,м,0.0,0.0,241.868,0.0,192.094,270.0,268.328,785.175,1392.416,0.378,0.141
